method,maximum_r,actual_r,time_steps,max_abs_error
FTCS,0.1,0.1,3200,8.466034168966297e-05
FTCS,0.25,0.25,1280,0.00010803869265268995
FTCS,0.45,0.44943820224719105,712,0.00016523472592944177
Crank-Nicolson,0.1,0.1,3200,7.048629637138037e-05
Crank-Nicolson,0.25,0.25,1280,7.047165433388125e-05
Crank-Nicolson,0.45,0.44943820224719105,712,7.043274981971548e-05
Crank-Nicolson,1,1.0,320,7.021019052028121e-05
Crank-Nicolson,2,2.0,160,6.93735237162485e-05
Crank-Nicolson,4,4.0,80,6.60271227283793e-05
Crank-Nicolson,8,8.0,40,0.0002897749243722103
