fourier_time,x_over_L,C_over_Cs_numerical,C_over_Cs_series
0.002,0.0,1.0,1.0
0.002,0.005,0.9371030110011609,0.9369873319714807
0.002,0.01,0.8745952423367239,0.8743670611628918
0.002,0.015,0.8128587285425056,0.8125242693153686
0.002,0.02,0.75226135244902,0.7518296340458492
0.002,0.025,0.6931503096895605,0.6926327840419603
0.002,0.03,0.6358461959185835,0.6352562959972483
0.002,0.035,0.5806378829370518,0.5799905038550084
0.002,0.04,0.5277783173498801,0.5270892568655381
0.002,0.045,0.47748133805569715,0.47676672399858
0.002,0.05,0.42991956872030307,0.42919530044034904
0.002,0.055,0.38522340043104164,0.3845046293802693
0.002,0.06,0.3434810399544308,0.3427817111479112
0.002,0.065,0.3047395622582469,0.3040720339168689
0.002,0.07,0.2690068737947186,0.2683816272927607
0.002,0.075,0.2362544667248189,0.2356799134290375
0.002,0.08,0.20642082466014008,0.2059032107320682
0.002,0.085,0.17941532806173094,0.17895873315069932
0.002,0.09,0.15512250220768534,0.15472892348537826
0.002,0.095,0.13340645228441395,0.1330759616882985
0.002,0.1,0.11411533799999639,0.11384629800665824
0.002,0.105,0.09708575322712149,0.09687507502627468
0.002,0.11,0.08214689343704926,0.08199032100038273
0.002,0.115,0.06912441386042945,0.06901681800293336
0.002,0.12,0.0578439031588233,0.05777957112359711
0.002,0.125,0.04813391971694333,0.04810682788851928
0.002,0.13,0.039828559388517364,0.03983261924474124
0.002,0.135,0.0327695437291092,0.032798813865545506
0.002,0.14,0.026807835702542717,0.02685669550752423
0.002,0.145,0.021804805039746727,0.021868088190130974
0.002,0.15,0.017632977557328917,0.017706065807366667
0.002,0.155,0.014176411704574277,0.014255291355700028
0.002,0.16,0.011330751474581282,0.011412036386001634
0.002,0.165,0.009003007806313005,0.009083933817374157
0.002,0.17,0.007111121048722283,0.007189517250165034
0.002,0.17500000000000002,0.005583355359759243,0.0056575978150643635
0.002,0.18,0.004357572515720117,0.004426525857919694
0.002,0.185,0.0033804279620701103,0.0034433798490483003
0.002,0.19,0.002606526479305352,0.0026631192591386466
0.002,0.195,0.0019975689613071063,0.0020477321536688242
0.002,0.2,0.00152151585005346,0.0015654022580025018
0.002,0.20500000000000002,0.0011517870183211404,0.001189714504107653
0.002,0.21,0.000866512554543275,0.00089891278811427
0.002,0.215,0.0006478441306702418,0.0006752189819076992
0.002,0.22,0.00048133251503303397,0.0005042182294490161
0.002,0.225,0.0003553733665837264,0.00037431224710871014
0.002,0.23,0.00026072071065947266,0.00027623972394730245
0.002,0.23500000000000001,0.0001900654127696584,0.00020266093873044788
0.002,0.24,0.00013767447546668288,0.0001478023103343995
0.002,0.245,9.908600889271719e-05,0.00010715569914288015
0.002,0.25,7.085418556302811e-05,7.722679550525857e-05
0.002,0.255,5.0338300727071275e-05,5.532678420860915e-05
0.002,0.26,3.553014130309232e-05,3.940158272497385e-05
0.002,0.265,2.4914146039282097e-05,2.7893245004295686e-05
0.002,0.27,1.735525352705634e-05,1.9628540587013354e-05
0.002,0.275,1.200982951037251e-05,1.3730209882489852e-05
0.002,0.28,8.255597512634563e-06,9.546919845115909e-06
0.002,0.28500000000000003,5.637033948238045e-06,6.598468956342529e-06
0.002,0.29,3.823206367565815e-06,4.533293835651264e-06
0.002,0.295,2.575514828677192e-06,3.095796877516932e-06
0.002,0.3,1.723231562045006e-06,2.1014359558035878e-06
0.002,0.305,1.1451181833202075e-06,1.4178892029370616e-06
0.002,0.31,7.557316853819139e-07,9.509294350840136e-07
0.002,0.315,4.953120639140492e-07,6.339159281942841e-07
0.002,0.32,3.2237931399846783e-07,4.200393975972716e-07
0.002,0.325,2.0836038939077804e-07,2.766438863543996e-07
0.002,0.33,1.3372276101722552e-07,1.811017286135197e-07
0.002,0.335,8.521574170910492e-08,1.1783992126535026e-07
0.002,0.34,5.391882934772293e-08,7.621291275849984e-08
0.002,0.34500000000000003,3.3872612242380824e-08,4.899242711520202e-08
0.002,0.35000000000000003,2.1126408049078007e-08,3.1303413861039076e-08
0.002,0.355,1.3081337112958972e-08,1.9879935031497098e-08
0.002,0.36,8.040971056953825e-09,1.254864734345773e-08
0.002,0.365,4.90653320062592e-09,7.872920537721484e-09
0.002,0.37,2.9718744330840255e-09,4.90941920450183e-09
0.002,0.375,1.7867130477010983e-09,3.0428326525111515e-09
0.002,0.38,1.0661701861128916e-09,1.8744686913763076e-09
0.002,0.385,6.314281104080304e-10,1.1477012673566378e-09
0.002,0.39,3.7112888586936634e-10,6.984394174125441e-10
0.002,0.395,2.1647432848723572e-10,4.224509631001183e-10
0.002,0.4,1.252984421952577e-10,2.539628507491898e-10
0.002,0.405,7.19645941378494e-11,1.5174295153741468e-10
0.002,0.41000000000000003,4.1011136305974204e-11,9.011402735126239e-11
0.002,0.41500000000000004,2.318833989262214e-11,5.3188564663742e-11
0.002,0.42,1.3007597519487401e-11,3.120204095097279e-11
0.002,0.425,7.238659556369128e-12,1.819233652611274e-11
0.002,0.43,3.996007326629243e-12,1.0542122730328174e-11
0.002,0.435,2.1881357486809345e-12,6.072142788582369e-12
0.002,0.44,1.1884317658588545e-12,3.475664200891515e-12
0.002,0.445,6.401735481609032e-13,1.9778623183697164e-12
0.002,0.45,3.4199167597740103e-13,1.1178835634950701e-12
0.002,0.455,1.8117495054213697e-13,6.281641873329136e-13
0.002,0.46,9.517365720644026e-14,3.51163542688937e-13
0.002,0.465,4.9573318158077135e-14,1.9451107391432743e-13
0.002,0.47000000000000003,2.560318359374696e-14,1.071365218763276e-13
0.002,0.47500000000000003,1.3114955490943503e-14,5.906386491005833e-14
0.002,0.48,6.671806026069252e-15,3.164135620181696e-14
0.002,0.485,3.3902918404532832e-15,1.6986412276764895e-14
0.002,0.49,1.7620558993957174e-15,9.880984919163893e-15
0.002,0.495,1.0199186232501356e-15,6.439293542825908e-15
0.002,0.5,8.070591786390977e-16,5.329070518200751e-15
0.002,0.505,1.0199186232501356e-15,6.439293542825908e-15
0.002,0.51,1.7620558993957174e-15,9.880984919163893e-15
0.002,0.515,3.3902918404532832e-15,1.6986412276764895e-14
0.002,0.52,6.6718060260692526e-15,3.197442310920451e-14
0.002,0.525,1.3114955490943506e-14,5.906386491005833e-14
0.002,0.53,2.5603183593746968e-14,1.0735856648125264e-13
0.002,0.535,4.9573318158077135e-14,1.949551631241775e-13
0.002,0.54,9.517365720644027e-14,3.51163542688937e-13
0.002,0.545,1.81174950542137e-13,6.281641873329136e-13
0.002,0.55,3.41991675977401e-13,1.1179945857975326e-12
0.002,0.555,6.401735481609032e-13,1.978195385277104e-12
0.002,0.56,1.1884317658588543e-12,3.4757752231939776e-12
0.002,0.5650000000000001,2.1881357486809337e-12,6.071587677070056e-12
0.002,0.5700000000000001,3.996007326629242e-12,1.0541900685723249e-11
0.002,0.5750000000000001,7.238659556369126e-12,1.8192447548415203e-11
0.002,0.58,1.3007597519487398e-11,3.120248504018264e-11
0.002,0.585,2.318833989262213e-11,5.318800955222969e-11
0.002,0.59,4.1011136305974204e-11,9.0113694284355e-11
0.002,0.595,7.196459413784938e-11,1.5174295153741468e-10
0.002,0.6,1.2529844219525768e-10,2.539628507491898e-10
0.002,0.605,2.1647432848723572e-10,4.2245118514472324e-10
0.002,0.61,3.711288858693663e-10,6.984393063902417e-10
0.002,0.615,6.314281104080304e-10,1.1477010453120329e-09
0.002,0.62,1.0661701861128914e-09,1.87446880239861e-09
0.002,0.625,1.7867130477010983e-09,3.042832985578059e-09
0.002,0.63,2.971874433084025e-09,4.90941920450183e-09
0.002,0.635,4.906533200625919e-09,7.872920315676879e-09
0.002,0.64,8.040971056953823e-09,1.254864734345773e-08
0.002,0.645,1.308133711295897e-08,1.987993469843019e-08
0.002,0.65,2.1126408049078007e-08,3.130341397206138e-08
0.002,0.655,3.387261224238082e-08,4.899242678213511e-08
0.002,0.66,5.391882934772293e-08,7.621291309156675e-08
0.002,0.665,8.52157417091049e-08,1.1783992159841716e-07
0.002,0.67,1.3372276101722552e-07,1.811017285024974e-07
0.002,0.675,2.0836038939077802e-07,2.766438862433773e-07
0.002,0.68,3.2237931399846783e-07,4.200393975972716e-07
0.002,0.685,4.953120639140491e-07,6.339159281942841e-07
0.002,0.6900000000000001,7.557316853819138e-07,9.509294353060582e-07
0.002,0.6950000000000001,1.1451181833202075e-06,1.4178892031591062e-06
0.002,0.7000000000000001,1.7232315620450056e-06,2.1014359558035878e-06
0.002,0.705,2.575514828677192e-06,3.0957968774059097e-06
0.002,0.71,3.823206367565814e-06,4.533293835873309e-06
0.002,0.715,5.6370339482380445e-06,6.5984689561204846e-06
0.002,0.72,8.255597512634563e-06,9.546919845226931e-06
0.002,0.725,1.200982951037251e-05,1.3730209882489852e-05
0.002,0.73,1.7355253527056335e-05,1.9628540586680288e-05
0.002,0.735,2.4914146039282097e-05,2.789324500396262e-05
0.002,0.74,3.553014130309232e-05,3.940158272541794e-05
0.002,0.745,5.0338300727071275e-05,5.5326784208498125e-05
0.002,0.75,7.085418556302811e-05,7.722679550559164e-05
0.002,0.755,9.908600889271719e-05,0.00010715569914321321
0.002,0.76,0.00013767447546668288,0.00014780231033428848
0.002,0.765,0.0001900654127696584,0.00020266093873033686
0.002,0.77,0.0002607207106594726,0.0002762397239474135
0.002,0.775,0.0003553733665837264,0.0003743122471084881
0.002,0.78,0.00048133251503303397,0.000504218229448794
0.002,0.785,0.0006478441306702418,0.0006752189819076992
0.002,0.79,0.0008665125545432749,0.0008989127881139369
0.002,0.795,0.0011517870183211402,0.001189714504107653
0.002,0.8,0.0015215158500534599,0.0015654022580025018
0.002,0.805,0.0019975689613071054,0.0020477321536690463
0.002,0.81,0.002606526479305351,0.0026631192591388686
0.002,0.8150000000000001,0.003380427962070109,0.0034433798490483003
0.002,0.8200000000000001,0.004357572515720116,0.004426525857919583
0.002,0.8250000000000001,0.005583355359759241,0.0056575978150640305
0.002,0.8300000000000001,0.00711112104872228,0.007189517250165145
0.002,0.835,0.009003007806313003,0.009083933817373935
0.002,0.84,0.011330751474581279,0.011412036386001523
0.002,0.845,0.014176411704574276,0.014255291355700028
0.002,0.85,0.017632977557328913,0.017706065807366667
0.002,0.855,0.021804805039746723,0.02186808819013042
0.002,0.86,0.026807835702542717,0.02685669550752423
0.002,0.865,0.032769543729109195,0.03279881386554584
0.002,0.87,0.03982855938851736,0.039832619244741685
0.002,0.875,0.04813391971694332,0.04810682788851939
0.002,0.88,0.05784390315882329,0.057779571123596773
0.002,0.885,0.06912441386042943,0.06901681800293302
0.002,0.89,0.08214689343704924,0.08199032100038306
0.002,0.895,0.09708575322712149,0.09687507502627435
0.002,0.9,0.11411533799999637,0.1138462980066578
0.002,0.905,0.13340645228441395,0.13307596168829827
0.002,0.91,0.1551225022076853,0.15472892348537837
0.002,0.915,0.17941532806173094,0.17895873315069954
0.002,0.92,0.20642082466014006,0.2059032107320683
0.002,0.925,0.23625446672481887,0.23567991342903716
0.002,0.93,0.2690068737947186,0.26838162729276094
0.002,0.935,0.3047395622582469,0.3040720339168691
0.002,0.9400000000000001,0.3434810399544308,0.342781711147912
0.002,0.9450000000000001,0.38522340043104164,0.3845046293802693
0.002,0.9500000000000001,0.4299195687203031,0.42919530044034926
0.002,0.9550000000000001,0.4774813380556972,0.4767667239985808
0.002,0.96,0.5277783173498801,0.5270892568655374
0.002,0.965,0.5806378829370518,0.5799905038550071
0.002,0.97,0.6358461959185835,0.6352562959972476
0.002,0.975,0.6931503096895605,0.6926327840419598
0.002,0.98,0.75226135244902,0.7518296340458483
0.002,0.985,0.8128587285425056,0.8125242693153679
0.002,0.99,0.8745952423367239,0.8743670611628915
0.002,0.995,0.9371030110011609,0.93698733197148
0.002,1.0,1.0,1.0
0.01,0.0,1.0,1.0
0.01,0.005,0.9718067993787873,0.9717963966964636
0.01,0.01,0.9436487699982163,0.9436280222046152
0.01,0.015,0.9155609516171465,0.915529973379344
0.01,0.02,0.8875781218491614,0.8875370839853847
0.01,0.025,0.8597346671285289,0.8596837952036561
0.01,0.03,0.8320644561026176,0.832004028579248
0.01,0.035,0.8046007162267249,0.8045310621917527
0.01,0.04,0.7773759143095719,0.7772974108006812
0.01,0.045,0.7504216417236825,0.7503347106843363
0.01,0.05,0.723768504954861,0.7236736098501351
0.01,0.055,0.6974460221194476,0.6973436642484174
0.01,0.06,0.6714825260274824,0.6713732405707591
0.01,0.065,0.6459050743148712,0.6457894261582728
0.01,0.07,0.6207393671087363,0.6206179464859483
0.01,0.075,0.5960096726279642,0.5958830906263646
0.01,0.08,0.5717387610562085,0.5716076450308052
0.01,0.085,0.5479478469579214,0.547812835898567
0.01,0.09,0.5246565404400899,0.5245182803368039
0.01,0.095,0.501882807193903,0.5017419464442768
0.01,0.1,0.47964293748228665,0.4795001223835621
0.01,0.105,0.45795152407175893,0.45780739443832275
0.01,0.11,0.4368214490410477,0.43667663398577317
0.01,0.115,0.4162638793349714,0.41611899325013557
0.01,0.12,0.3962882708708154,0.3961439096412428
0.01,0.125,0.37690238094635575,0.3767591184240635
0.01,0.13,0.35811228864429007,0.3579706734102712
0.01,0.135,0.3399224228775653,0.3397829753125048
0.01,0.14,0.32233559767431635,0.32219880735605244
0.01,0.145,0.3053530542601666,0.3052193777016373
0.01,0.15,0.28897450945975117,0.2888443681970586
0.01,0.155,0.2731982099086855,0.2730719889448374
0.01,0.16,0.25802099154195535,0.25789903814783344
0.01,0.165,0.2434383438048996,0.24332096667513248
0.01,0.17,0.22944447801860796,0.2293319467763244
0.01,0.17500000000000002,0.21603239932259113,0.21592494436354126
0.01,0.18,0.2031939816138963,0.20309179427719537
0.01,0.185,0.190920044903257,0.1908232779530631
0.01,0.19,0.17920043451517403,0.17910920291496712
0.01,0.195,0.16802410156975192,0.16793848352859042
0.01,0.2,0.15737918419936792,0.1572992224675429
0.01,0.20500000000000002,0.1472530889724856,0.14717879236239695
0.01,0.21,0.13763257201977988,0.13756391712663574
0.01,0.215,0.12850381938382588,0.12844075247989728
0.01,0.22,0.11985252614251601,0.1197949652181669
0.01,0.225,0.11166397388768694,0.11161181081223626
0.01,0.23,0.10392310617374532,0.10387620894937855
0.01,0.23500000000000001,0.09661460158594785,0.09657281666837059
0.01,0.24,0.08972294411400354,0.08968609877429212
0.01,0.245,0.08323249055341529,0.08320039525653644
0.01,0.25,0.07712753469406666,0.07709998547079833
0.01,0.255,0.07139236809261527,0.07136914888305557
0.01,0.26,0.06601133726191846,0.06599222221040546
0.01,0.265,0.06096889714666228,0.06095365282969556
0.01,0.27,0.05624966078928675,0.05623804835992641
0.01,0.275,0.05183844512392647,0.051830222358102196
0.01,0.28,0.047720312868172646,0.047715236100344116
0.01,0.28500000000000003,0.04388061051280062,0.043878436450435654
0.01,0.29,0.040305002438017115,0.040305489846365505
0.01,0.295,0.036979501211118794,0.036982412461745606
0.01,0.3,0.03389049414460479,0.03389559662306152
0.01,0.305,0.031024766215668916,0.03103183358552908
0.01,0.31,0.02836951946756095,0.02837833278978097
0.01,0.315,0.025912389030528588,0.02592273773873277
0.01,0.32,0.023641455914936597,0.023653138648718874
0.01,0.325,0.02154525674173835,0.021558082041443605
0.01,0.33,0.01961279058579958,0.019626577453459748
0.01,0.335,0.017833523115719573,0.017848101447891507
0.01,0.34,0.016197388219853143,0.01621259911902162
0.01,0.34500000000000003,0.014694787312315723,0.014710483284285036
0.01,0.35000000000000003,0.013316586514975755,0.013332631560281194
0.01,0.355,0.01205411191193522,0.012070381519775908
0.01,0.36,0.010899143071911904,0.010915524125420961
0.01,0.365,0.009843905031412413,0.009860295633271177
0.01,0.37,0.008881058927773673,0.008897368155229346
0.01,0.375,0.00800369146620498,0.008019839064505208
0.01,0.38,0.007205303399034101,0.007221219422109848
0.01,0.385,0.006479797188599117,0.006495421595580475
0.01,0.39,0.005821464017777945,0.005836746233571
0.01,0.395,0.005224970304149893,0.005239868751885535
0.01,0.4,0.004685343865371367,0.004699825478045816
0.01,0.405,0.004197959874646275,0.004211999592744875
0.01,0.41000000000000003,0.0037585267362972748,0.0037721069976072163
0.01,0.41500000000000004,0.0033630720025035828,0.0033761822297160293
0.01,0.42,0.003007928443361339,0.003020564534432557
0.01,0.425,0.002689720373629515,0.0027018841992261233
0.01,0.43,0.002405350330923234,0.0024170492426360823
0.01,0.435,0.002151986191771363,0.00216323254413453
0.01,0.44,0.001927048803919499,0.0019378594926472426
0.01,0.445,0.0017282002055754393,0.0017385962238147812
0.01,0.45,0.0015533324949936632,0.001563338508800749
0.01,0.455,0.0014005574068998731,0.0014102013505952193
0.01,0.46,0.0012681966457780134,0.0012775093372970892
0.01,0.465,0.0011547730199829465,0.0011637877958596832
0.01,0.47000000000000003,0.0010590024149958938,0.0010677547841564383
0.01,0.47500000000000003,0.0009797866388926329,0.000988313954032316
0.01,0.48,0.0009162071682245444,0.0009245483131743448
0.01,0.485,0.0008675198179916345,0.0008757149091608296
0.01,0.49,0.000833150355180243,0.0008412404548902019
0.01,0.495,0.0008126910714067925,0.0008207179107068141
0.01,0.5,0.0008058983265086907,0.0008139040348900117
0.01,0.505,0.0008126910714067924,0.0008207179107068141
0.01,0.51,0.0008331503551802429,0.0008412404548902019
0.01,0.515,0.0008675198179916344,0.0008757149091608296
0.01,0.52,0.0009162071682245443,0.0009245483131743448
0.01,0.525,0.0009797866388926329,0.000988313954032205
0.01,0.53,0.0010590024149958938,0.0010677547841564383
0.01,0.535,0.0011547730199829463,0.0011637877958596832
0.01,0.54,0.0012681966457780134,0.0012775093372970892
0.01,0.545,0.0014005574068998727,0.0014102013505952193
0.01,0.55,0.001553332494993663,0.00156333850880086
0.01,0.555,0.0017282002055754389,0.0017385962238146702
0.01,0.56,0.0019270488039194985,0.0019378594926473536
0.01,0.5650000000000001,0.002151986191771362,0.002163232544134308
0.01,0.5700000000000001,0.002405350330923233,0.0024170492426359713
0.01,0.5750000000000001,0.002689720373629514,0.0027018841992261233
0.01,0.58,0.003007928443361338,0.003020564534432557
0.01,0.585,0.0033630720025035815,0.0033761822297160293
0.01,0.59,0.003758526736297273,0.0037721069976074384
0.01,0.595,0.004197959874646273,0.004211999592744875
0.01,0.6,0.004685343865371365,0.004699825478045705
0.01,0.605,0.005224970304149892,0.005239868751885535
0.01,0.61,0.005821464017777943,0.005836746233571111
0.01,0.615,0.006479797188599115,0.006495421595580253
0.01,0.62,0.007205303399034098,0.00722121942211007
0.01,0.625,0.008003691466204976,0.008019839064505319
0.01,0.63,0.00888105892777367,0.008897368155229346
0.01,0.635,0.009843905031412407,0.009860295633270955
0.01,0.64,0.0108991430719119,0.010915524125421072
0.01,0.645,0.012054111911935214,0.012070381519775908
0.01,0.65,0.01331658651497575,0.013332631560281194
0.01,0.655,0.014694787312315716,0.014710483284285036
0.01,0.66,0.016197388219853136,0.016212599119021953
0.01,0.665,0.017833523115719566,0.01784810144789173
0.01,0.67,0.019612790585799574,0.019626577453459526
0.01,0.675,0.021545256741738347,0.021558082041443716
0.01,0.68,0.02364145591493659,0.023653138648718874
0.01,0.685,0.025912389030528584,0.02592273773873266
0.01,0.6900000000000001,0.02836951946756095,0.02837833278978108
0.01,0.6950000000000001,0.031024766215668916,0.03103183358552908
0.01,0.7000000000000001,0.03389049414460479,0.03389559662306141
0.01,0.705,0.036979501211118794,0.036982412461745495
0.01,0.71,0.040305002438017115,0.040305489846365505
0.01,0.715,0.04388061051280062,0.0438784364504351
0.01,0.72,0.04772031286817265,0.04771523610034434
0.01,0.725,0.05183844512392647,0.05183022235810231
0.01,0.73,0.056249660789286754,0.056238048359926296
0.01,0.735,0.06096889714666229,0.06095365282969545
0.01,0.74,0.06601133726191848,0.06599222221040568
0.01,0.745,0.07139236809261529,0.07136914888305557
0.01,0.75,0.07712753469406666,0.07709998547079822
0.01,0.755,0.0832324905534153,0.08320039525653644
0.01,0.76,0.08972294411400356,0.08968609877429179
0.01,0.765,0.09661460158594787,0.09657281666837048
0.01,0.77,0.10392310617374534,0.10387620894937832
0.01,0.775,0.11166397388768695,0.11161181081223603
0.01,0.78,0.11985252614251601,0.11979496521816657
0.01,0.785,0.1285038193838259,0.12844075247989728
0.01,0.79,0.13763257201977988,0.13756391712663574
0.01,0.795,0.14725308897248562,0.14717879236239673
0.01,0.8,0.15737918419936792,0.1572992224675427
0.01,0.805,0.16802410156975192,0.16793848352859053
0.01,0.81,0.17920043451517403,0.17910920291496724
0.01,0.8150000000000001,0.190920044903257,0.1908232779530632
0.01,0.8200000000000001,0.2031939816138963,0.20309179427719537
0.01,0.8250000000000001,0.21603239932259113,0.21592494436354093
0.01,0.8300000000000001,0.22944447801860796,0.2293319467763245
0.01,0.835,0.24343834380489962,0.24332096667513214
0.01,0.84,0.25802099154195535,0.257899038147833
0.01,0.845,0.2731982099086855,0.2730719889448374
0.01,0.85,0.2889745094597511,0.2888443681970585
0.01,0.855,0.30535305426016657,0.305219377701637
0.01,0.86,0.3223355976743163,0.32219880735605233
0.01,0.865,0.33992242287756524,0.3397829753125048
0.01,0.87,0.35811228864429,0.3579706734102712
0.01,0.875,0.3769023809463557,0.3767591184240634
0.01,0.88,0.39628827087081536,0.39614390964124246
0.01,0.885,0.41626387933497133,0.4161189932501351
0.01,0.89,0.4368214490410477,0.4366766339857733
0.01,0.895,0.45795152407175893,0.4578073944383225
0.01,0.9,0.47964293748228654,0.4795001223835619
0.01,0.905,0.501882807193903,0.5017419464442766
0.01,0.91,0.5246565404400899,0.524518280336804
0.01,0.915,0.5479478469579214,0.547812835898567
0.01,0.92,0.5717387610562085,0.5716076450308053
0.01,0.925,0.5960096726279642,0.5958830906263641
0.01,0.93,0.6207393671087363,0.6206179464859485
0.01,0.935,0.6459050743148712,0.6457894261582731
0.01,0.9400000000000001,0.6714825260274824,0.6713732405707593
0.01,0.9450000000000001,0.6974460221194476,0.6973436642484174
0.01,0.9500000000000001,0.7237685049548611,0.7236736098501351
0.01,0.9550000000000001,0.7504216417236826,0.7503347106843368
0.01,0.96,0.777375914309572,0.7772974108006808
0.01,0.965,0.804600716226725,0.8045310621917521
0.01,0.97,0.8320644561026177,0.8320040285792478
0.01,0.975,0.859734667128529,0.859683795203656
0.01,0.98,0.8875781218491615,0.8875370839853842
0.01,0.985,0.9155609516171465,0.9155299733793436
0.01,0.99,0.9436487699982163,0.9436280222046153
0.01,0.995,0.9718067993787873,0.9717963966964633
0.01,1.0,1.0,1.0
0.05,0.0,1.0,1.0
0.05,0.005,0.9875557689412575,0.9875549340593137
0.05,0.01,0.9751150728904218,0.975113404073203
0.05,0.015,0.9626814449496817,0.9626789440886248
0.05,0.02,0.9502584144125684,0.9502550843400799
0.05,0.025,0.9378495048665634,0.937845349350334
0.05,0.03,0.9254582323040157,0.9254532560394589
0.05,0.035,0.9130881032441086,0.9130823118449417
0.05,0.04,0.9007426128685977,0.9007360128555852
0.05,0.045,0.8884252431740046,0.8884178419618919
0.05,0.05,0.8761394611429274,0.876131267025591
0.05,0.055,0.863888716937076,0.8638797390709271
0.05,0.06,0.8516764421146057,0.851666690500283
0.05,0.065,0.8395060478742615,0.8394955333366552
0.05,0.07,0.8273809233287983,0.8273696574954497
0.05,0.075,0.8153044338100698,0.8152924290879968
0.05,0.08,0.8032799192081234,0.8032671887591225
0.05,0.085,0.7913106923465566,0.7912972500610387
0.05,0.09,0.7794000373963211,0.779385897865739
0.05,0.095,0.7675512083300767,0.7675363868180065
0.05,0.1,0.7557674274191104,0.7557519398310537
0.05,0.105,0.7440518837747527,0.7440357466267244
0.05,0.11,0.7324077319361213,0.7323909623220962
0.05,0.115,0.7208380905059327,0.7208207060642227
0.05,0.12,0.7093460408360173,0.7093280597146547
0.05,0.125,0.6979346257640702,0.6979160665852757
0.05,0.13,0.6866068484030664,0.6865877302268796
0.05,0.135,0.6753656709846529,0.6753460132718072
0.05,0.14,0.664214013757725,0.6641938363318508
0.05,0.145,0.653154753943273,0.6531340769525116
0.05,0.15,0.6421907247464749,0.6421695686245891
0.05,0.155,0.6313247144268854,0.6313030998539553
0.05,0.16,0.6205594654274607,0.6205374132902467
0.05,0.165,0.6098976735630239,0.6098752049150918
0.05,0.17,0.5993419872686716,0.5993191232903601
0.05,0.17500000000000002,0.5888950069084781,0.5888717688668037
0.05,0.18,0.5785592841447521,0.5785356933533354
0.05,0.185,0.5683373213679583,0.5683133991470619
0.05,0.19,0.5582315711873057,0.5582073388240696
0.05,0.195,0.5482444359818751,0.5482199146908391
0.05,0.2,0.5383782675120378,0.5383534783960334
0.05,0.20500000000000002,0.5286353665907961,0.5286103306022971
0.05,0.21,0.5190179828145551,0.5189927207175677
0.05,0.215,0.5095283143527177,0.5095028466852938
0.05,0.22,0.5001685077953768,0.5001428548328323
0.05,0.225,0.4909406580582638,0.4909148397771793
0.05,0.23,0.4818468083439996,0.4818208443870824
0.05,0.23500000000000001,0.47288895015858445,0.4728628598004657
0.05,0.24,0.46406902338195455,0.46404282549599596
0.05,0.245,0.4553889163913292,0.4553626294175085
0.05,0.25,0.446850466235971,0.44682410814991447
0.05,0.255,0.43845545886188203,0.4384290471451099
0.05,0.26,0.4302056293848667,0.43017918099631314
0.05,0.265,0.42210266241029976,0.42207619375916705
0.05,0.27,0.41414819239785106,0.41412171931785424
0.05,0.275,0.4063438040693374,0.4063173417943927
0.05,0.28,0.39869103285779256,0.3986645959991989
0.05,0.28500000000000003,0.39119136539577376,0.3911649679209346
0.05,0.29,0.38384624004085327,0.38381989525357985
0.05,0.295,0.37665704743618017,0.37663076795861783
0.05,0.3,0.36962513110393824,0.36959892886014856
0.05,0.305,0.362751788069471,0.3627256742707051
0.05,0.31,0.3560382695137977,0.3560122546454839
0.05,0.315,0.34948578145219894,0.3494598752626744
0.05,0.32,0.3430954854365124,0.3430696969275141
0.05,0.325,0.3368684992787488,0.33684283669768356
0.05,0.33,0.33080589779360575,0.33078036862760973
0.05,0.335,0.3249087135574433,0.3248833245292412
0.05,0.34,0.3191779376812595,0.3191526947468255
0.05,0.34500000000000003,0.31361452059520256,0.3135894289432256
0.05,0.35000000000000003,0.30821937284214485,0.3081944368952939
0.05,0.355,0.30299336587784853,0.3029685892958305
0.05,0.36,0.29793733287525764,0.29791271855965584
0.05,0.365,0.2930520695304626,0.2930276196313423
0.05,0.37,0.288338334867903,0.28831405079216377
0.05,0.375,0.28379685204239513,0.2837727344638471
0.05,0.38,0.2794283091356007,0.27940435800673835
0.05,0.385,0.2752333599445857,0.27520957451002914
0.05,0.39,0.27121262476016095,0.2711890035717308
0.05,0.395,0.2673666911327336,0.2673432320661223
0.05,0.4,0.2636961146234572,0.263672814896455
0.05,0.405,0.2602014195385133,0.26017827573074626
0.05,0.41000000000000003,0.25688309964442446,0.25686010771855694
0.05,0.41500000000000004,0.2537416188623574,0.2537187741867065
0.05,0.42,0.2507774119394458,0.25075470931195787
0.05,0.425,0.2479908850952356,0.2479683187687659
0.05,0.43,0.2453824166414309,0.24535998035026707
0.05,0.435,0.24295235757320216,0.2429300445607725
0.05,0.44,0.24070103213040173,0.24067883517810074
0.05,0.445,0.23862873832712142,0.23860664978418877
0.05,0.45,0.23673574844811918,0.23671376026250068
0.05,0.455,0.23502230951073694,0.23500041326085985
0.05,0.46,0.23348864369103126,0.23346683061841733
0.05,0.465,0.2321349487129387,0.23211320975558403
0.05,0.47000000000000003,0.23096139819940315,0.23093972402584628
0.05,0.47500000000000003,0.2299681419844981,0.22994652302849916
0.05,0.48,0.22915530638568576,0.2291337328814388
0.05,0.485,0.2285229944354651,0.22850145645326214
0.05,0.49,0.22807128607177368,0.22804977355404132
0.05,0.495,0.22780023828662158,0.22777874108424578
0.05,0.5,0.22770988523254967,0.22768839314140932
0.05,0.505,0.22780023828662158,0.22777874108424578
0.05,0.51,0.22807128607177368,0.22804977355404132
0.05,0.515,0.2285229944354651,0.22850145645326214
0.05,0.52,0.2291553063856858,0.2291337328814388
0.05,0.525,0.22996814198449814,0.22994652302849916
0.05,0.53,0.23096139819940317,0.23093972402584628
0.05,0.535,0.23213494871293872,0.23211320975558403
0.05,0.54,0.23348864369103128,0.23346683061841744
0.05,0.545,0.23502230951073697,0.23500041326085985
0.05,0.55,0.2367357484481192,0.23671376026250068
0.05,0.555,0.23862873832712145,0.23860664978418877
0.05,0.56,0.24070103213040175,0.24067883517810074
0.05,0.5650000000000001,0.2429523575732022,0.2429300445607725
0.05,0.5700000000000001,0.24538241664143093,0.24535998035026685
0.05,0.5750000000000001,0.24799088509523565,0.2479683187687659
0.05,0.58,0.25077741193944586,0.25075470931195787
0.05,0.585,0.25374161886235747,0.2537187741867063
0.05,0.59,0.2568830996444245,0.25686010771855694
0.05,0.595,0.26020141953851333,0.26017827573074614
0.05,0.6,0.2636961146234572,0.2636728148964549
0.05,0.605,0.26736669113273365,0.2673432320661222
0.05,0.61,0.27121262476016095,0.2711890035717308
0.05,0.615,0.27523335994458575,0.27520957451002914
0.05,0.62,0.2794283091356007,0.27940435800673835
0.05,0.625,0.2837968520423952,0.2837727344638472
0.05,0.63,0.28833833486790306,0.28831405079216377
0.05,0.635,0.29305206953046264,0.29302761963134216
0.05,0.64,0.2979373328752577,0.29791271855965584
0.05,0.645,0.3029933658778486,0.30296858929583037
0.05,0.65,0.3082193728421449,0.3081944368952939
0.05,0.655,0.3136145205952026,0.3135894289432256
0.05,0.66,0.31917793768125957,0.3191526947468256
0.05,0.665,0.32490871355744333,0.3248833245292413
0.05,0.67,0.3308058977936058,0.33078036862760973
0.05,0.675,0.33686849927874885,0.33684283669768345
0.05,0.68,0.34309548543651247,0.3430696969275141
0.05,0.685,0.349485781452199,0.3494598752626744
0.05,0.6900000000000001,0.35603826951379774,0.35601225464548414
0.05,0.6950000000000001,0.36275178806947106,0.3627256742707051
0.05,0.7000000000000001,0.36962513110393824,0.36959892886014856
0.05,0.705,0.3766570474361802,0.3766307679586176
0.05,0.71,0.38384624004085327,0.38381989525357973
0.05,0.715,0.39119136539577376,0.39116496792093425
0.05,0.72,0.39869103285779256,0.3986645959991989
0.05,0.725,0.4063438040693374,0.4063173417943927
0.05,0.73,0.41414819239785106,0.41412171931785424
0.05,0.735,0.42210266241029976,0.42207619375916705
0.05,0.74,0.4302056293848667,0.43017918099631325
0.05,0.745,0.43845545886188203,0.4384290471451099
0.05,0.75,0.446850466235971,0.44682410814991436
0.05,0.755,0.4553889163913292,0.4553626294175084
0.05,0.76,0.46406902338195455,0.46404282549599574
0.05,0.765,0.47288895015858445,0.4728628598004657
0.05,0.77,0.4818468083439996,0.4818208443870823
0.05,0.775,0.4909406580582638,0.4909148397771793
0.05,0.78,0.5001685077953768,0.5001428548328322
0.05,0.785,0.5095283143527177,0.5095028466852938
0.05,0.79,0.5190179828145551,0.5189927207175675
0.05,0.795,0.5286353665907961,0.5286103306022971
0.05,0.8,0.5383782675120378,0.5383534783960333
0.05,0.805,0.5482444359818751,0.5482199146908392
0.05,0.81,0.5582315711873057,0.5582073388240698
0.05,0.8150000000000001,0.5683373213679583,0.5683133991470619
0.05,0.8200000000000001,0.5785592841447521,0.5785356933533354
0.05,0.8250000000000001,0.5888950069084781,0.5888717688668037
0.05,0.8300000000000001,0.5993419872686716,0.5993191232903603
0.05,0.835,0.6098976735630239,0.6098752049150917
0.05,0.84,0.6205594654274607,0.6205374132902466
0.05,0.845,0.6313247144268854,0.6313030998539553
0.05,0.85,0.6421907247464749,0.6421695686245891
0.05,0.855,0.653154753943273,0.6531340769525114
0.05,0.86,0.664214013757725,0.6641938363318507
0.05,0.865,0.6753656709846529,0.6753460132718074
0.05,0.87,0.6866068484030664,0.6865877302268796
0.05,0.875,0.6979346257640702,0.6979160665852757
0.05,0.88,0.7093460408360173,0.7093280597146545
0.05,0.885,0.7208380905059327,0.7208207060642224
0.05,0.89,0.7324077319361213,0.7323909623220962
0.05,0.895,0.7440518837747527,0.7440357466267244
0.05,0.9,0.7557674274191104,0.7557519398310537
0.05,0.905,0.7675512083300767,0.7675363868180063
0.05,0.91,0.7794000373963211,0.7793858978657391
0.05,0.915,0.7913106923465566,0.7912972500610388
0.05,0.92,0.8032799192081234,0.8032671887591225
0.05,0.925,0.8153044338100698,0.8152924290879968
0.05,0.93,0.8273809233287983,0.8273696574954499
0.05,0.935,0.8395060478742615,0.8394955333366554
0.05,0.9400000000000001,0.8516764421146057,0.851666690500283
0.05,0.9450000000000001,0.863888716937076,0.863879739070927
0.05,0.9500000000000001,0.8761394611429274,0.8761312670255909
0.05,0.9550000000000001,0.8884252431740046,0.8884178419618921
0.05,0.96,0.9007426128685977,0.900736012855585
0.05,0.965,0.9130881032441086,0.9130823118449415
0.05,0.97,0.9254582323040157,0.9254532560394588
0.05,0.975,0.9378495048665634,0.9378453493503339
0.05,0.98,0.9502584144125684,0.9502550843400797
0.05,0.985,0.9626814449496817,0.9626789440886245
0.05,0.99,0.9751150728904218,0.975113404073203
0.05,0.995,0.9875557689412575,0.9875549340593137
0.05,1.0,1.0,1.0
0.2,0.0,1.0,1.0
0.2,0.005,0.9972221399721196,0.9972218912005248
0.2,0.01,0.9944449653403906,0.9944444678585861
0.2,0.015,0.9916691613318513,0.9916684152625921
0.2,0.02,0.9888954128353563,0.9888944183627368
0.2,0.025,0.9861244042325878,0.9861231616019968
0.2,0.03,0.983356819229194,0.9833553287472535
0.2,0.035,0.9805933406860926,0.9805916027205828
0.2,0.04,0.9778346504509839,0.9778326654307518
0.2,0.045,0.9750814291901132,0.975079197604967
0.2,0.05,0.9723343562203253,0.9723318786209134
0.2,0.055,0.9695941093414512,0.9695913863391264
0.2,0.06,0.9668613646690701,0.9668583969357388
0.2,0.065,0.9641367964676867,0.9641335847356423
0.2,0.07,0.9614210769843642,0.9614176220461068
0.2,0.075,0.9587148762828569,0.958711178990898
0.2,0.08,0.9560188620782802,0.9560149233449314
0.2,0.085,0.9533336995723606,0.9533295203695091
0.2,0.09,0.9506600512893062,0.9506556326481744
0.2,0.095,0.9479985769123369,0.9479939199232283
0.2,0.1,0.9453499331209174,0.9453450389329466
0.2,0.105,0.9427147734287288,0.9427096432495388
0.2,0.11,0.9400937480224243,0.9400883831178876
0.2,0.115,0.9374875036012034,0.9374819052951099
0.2,0.12,0.9348966832172484,0.9348908528909784
0.2,0.125,0.9323219261170594,0.9323158652092428
0.2,0.13,0.9297638675837296,0.9297575775898905
0.2,0.135,0.9272231387801977,0.9272166212523854
0.2,0.14,0.9247003665935174,0.9246936231399231
0.2,0.145,0.9221961734801818,0.9221892057647418
0.2,0.15,0.9197111773125414,0.919703987054526
0.2,0.155,0.9172459912263522,0.9172385801999421
0.2,0.16,0.9148012234694946,0.9147935935033417
0.2,0.165,0.9123774772518956,0.9123696302286727
0.2,0.17,0.909975350596697,0.9099672884526325
0.2,0.17500000000000002,0.907595436192701,0.9075871609171013
0.2,0.18,0.9052383212481341,0.9052298348828922
0.2,0.185,0.9029045873457614,0.9028958919848531
0.2,0.19,0.9005948102993907,0.9005859080883577
0.2,0.195,0.8983095600117987,0.8983004531472191
0.2,0.2,0.896049400334117,0.8960400910630627
0.2,0.20500000000000002,0.8938148889267096,0.8938053795461925
0.2,0.21,0.8916065771215805,0.8915968699779849
0.2,0.215,0.8894250097863401,0.8894151072748436
0.2,0.22,0.8872707251897686,0.8872606297537512
0.2,0.225,0.8851442548690064,0.8851339689994473
0.2,0.23,0.8830461234984067,0.8830356497332695
0.2,0.23500000000000001,0.8809768487600802,0.8809661896836866
0.2,0.24,0.878936941216166,0.8789260994585578
0.2,0.245,0.8769269041828589,0.8769158824191491
0.2,0.25,0.8749472336062246,0.8749360345559374
0.2,0.255,0.8729984179398341,0.8729870443662331
0.2,0.26,0.8710809380242452,0.8710693927336521
0.2,0.265,0.8691952669683648,0.8691835528094665
0.2,0.27,0.8673418700327162,0.867329989895862
0.2,0.275,0.8655212045146456,0.8655091613311335
0.2,0.28,0.8637337196354916,0.8637215163768456
0.2,0.28500000000000003,0.8619798564297478,0.8619674961069842
0.2,0.29,0.8602600476362462,0.8602475332991303
0.2,0.295,0.8585747175913858,0.8585620523276802
0.2,0.3,0.8569242821244372,0.8569114690591387
0.2,0.305,0.8553091484549422,0.855296190749512
0.2,0.31,0.8537297150922425,0.853716615943825
0.2,0.315,0.8521863717371532,0.8521731343777873
0.2,0.32,0.8506794991858122,0.8506661268816345
0.2,0.325,0.8492094692357268,0.8491959652861646
0.2,0.33,0.8477766445940386,0.8477630123309968
0.2,0.335,0.8463813787880335,0.8463676215750721
0.2,0.34,0.8450240160779159,0.8450101373094197
0.2,0.34500000000000003,0.8437048913718687,0.8436908944722104
0.2,0.35000000000000003,0.8424243301434214,0.8424102185661163
0.2,0.355,0.8411826483511471,0.8411684255780013
0.2,0.36,0.8399801523607048,0.8399658219009557
0.2,0.365,0.8388171388692505,0.8388027042587017
0.2,0.37,0.8376938948322334,0.8376793596323818
0.2,0.375,0.8366106973925954,0.8365960651897525
0.2,0.38,0.8355678138123916,0.835553088216799
0.2,0.385,0.8345655014068494,0.8345506860517877
0.2,0.39,0.8336040074808806,0.8335891060217738
0.2,0.395,0.8326835692680652,0.832668585381578
0.2,0.4,0.831804413872118,0.8317893512552491
0.2,0.405,0.8309667582108563,0.8309516205800265
0.2,0.41000000000000003,0.8301708089626797,0.8301556000528147
0.2,0.41500000000000004,0.8294167625155767,0.8294014860791861
0.2,0.42,0.8287048049186699,0.8286894647249212
0.2,0.425,0.8280351118363132,0.8280197116701018
0.2,0.43,0.8274078485047495,0.8273923921657653
0.2,0.435,0.8268231696913427,0.8268076609931329
0.2,0.44,0.8262812196563925,0.8262656624254201
0.2,0.445,0.8257821321175407,0.8257665301922413
0.2,0.45,0.8253260302167797,0.8253103874466142
0.2,0.455,0.82491302649007,0.824897346734575
0.2,0.46,0.824543222839574,0.82452750996741
0.2,0.465,0.8242167105085143,0.824200968396511
0.2,0.47000000000000003,0.8239335700586613,0.8239178025908613
0.2,0.47500000000000003,0.8236938713504565,0.8236780824171575
0.2,0.48,0.8234976735257757,0.8234818670225703
0.2,0.485,0.8233450249933374,0.8233292048201524
0.2,0.49,0.8232359634167586,0.8232201334768932
0.2,0.495,0.8231705157052628,0.8231546799044251
0.2,0.5,0.8231486980070399,0.8231328602523842
0.2,0.505,0.8231705157052628,0.8231546799044251
0.2,0.51,0.8232359634167586,0.8232201334768932
0.2,0.515,0.8233450249933374,0.8233292048201524
0.2,0.52,0.8234976735257757,0.8234818670225703
0.2,0.525,0.8236938713504565,0.8236780824171575
0.2,0.53,0.8239335700586613,0.8239178025908613
0.2,0.535,0.8242167105085143,0.824200968396511
0.2,0.54,0.824543222839574,0.82452750996741
0.2,0.545,0.82491302649007,0.824897346734575
0.2,0.55,0.8253260302167797,0.8253103874466142
0.2,0.555,0.8257821321175407,0.8257665301922413
0.2,0.56,0.8262812196563925,0.8262656624254201
0.2,0.5650000000000001,0.8268231696913427,0.8268076609931329
0.2,0.5700000000000001,0.8274078485047495,0.8273923921657653
0.2,0.5750000000000001,0.8280351118363132,0.8280197116701018
0.2,0.58,0.8287048049186699,0.8286894647249211
0.2,0.585,0.8294167625155767,0.8294014860791861
0.2,0.59,0.8301708089626797,0.8301556000528147
0.2,0.595,0.8309667582108563,0.8309516205800265
0.2,0.6,0.831804413872118,0.8317893512552491
0.2,0.605,0.8326835692680652,0.832668585381578
0.2,0.61,0.8336040074808806,0.8335891060217738
0.2,0.615,0.8345655014068494,0.8345506860517877
0.2,0.62,0.8355678138123916,0.835553088216799
0.2,0.625,0.8366106973925954,0.8365960651897525
0.2,0.63,0.8376938948322334,0.8376793596323818
0.2,0.635,0.8388171388692505,0.8388027042587017
0.2,0.64,0.8399801523607048,0.8399658219009558
0.2,0.645,0.8411826483511471,0.8411684255780013
0.2,0.65,0.8424243301434214,0.8424102185661163
0.2,0.655,0.8437048913718687,0.8436908944722104
0.2,0.66,0.8450240160779159,0.8450101373094198
0.2,0.665,0.8463813787880335,0.8463676215750722
0.2,0.67,0.8477766445940386,0.8477630123309968
0.2,0.675,0.8492094692357268,0.8491959652861646
0.2,0.68,0.8506794991858122,0.8506661268816345
0.2,0.685,0.8521863717371532,0.8521731343777873
0.2,0.6900000000000001,0.8537297150922425,0.853716615943825
0.2,0.6950000000000001,0.8553091484549422,0.855296190749512
0.2,0.7000000000000001,0.8569242821244372,0.8569114690591387
0.2,0.705,0.8585747175913858,0.8585620523276802
0.2,0.71,0.8602600476362462,0.8602475332991302
0.2,0.715,0.8619798564297478,0.8619674961069841
0.2,0.72,0.8637337196354916,0.8637215163768456
0.2,0.725,0.8655212045146456,0.8655091613311335
0.2,0.73,0.8673418700327162,0.8673299898958619
0.2,0.735,0.8691952669683648,0.8691835528094665
0.2,0.74,0.8710809380242452,0.8710693927336521
0.2,0.745,0.8729984179398341,0.8729870443662331
0.2,0.75,0.8749472336062246,0.8749360345559374
0.2,0.755,0.8769269041828589,0.8769158824191491
0.2,0.76,0.878936941216166,0.8789260994585577
0.2,0.765,0.8809768487600802,0.8809661896836866
0.2,0.77,0.8830461234984067,0.8830356497332695
0.2,0.775,0.8851442548690064,0.8851339689994473
0.2,0.78,0.8872707251897686,0.8872606297537511
0.2,0.785,0.8894250097863401,0.8894151072748436
0.2,0.79,0.8916065771215805,0.8915968699779848
0.2,0.795,0.8938148889267096,0.8938053795461925
0.2,0.8,0.896049400334117,0.8960400910630627
0.2,0.805,0.8983095600117987,0.8983004531472191
0.2,0.81,0.9005948102993907,0.9005859080883578
0.2,0.8150000000000001,0.9029045873457614,0.9028958919848531
0.2,0.8200000000000001,0.9052383212481341,0.9052298348828922
0.2,0.8250000000000001,0.907595436192701,0.9075871609171013
0.2,0.8300000000000001,0.909975350596697,0.9099672884526325
0.2,0.835,0.9123774772518956,0.9123696302286727
0.2,0.84,0.9148012234694946,0.9147935935033416
0.2,0.845,0.9172459912263522,0.9172385801999421
0.2,0.85,0.9197111773125414,0.919703987054526
0.2,0.855,0.9221961734801818,0.9221892057647418
0.2,0.86,0.9247003665935174,0.9246936231399231
0.2,0.865,0.9272231387801977,0.9272166212523854
0.2,0.87,0.9297638675837296,0.9297575775898905
0.2,0.875,0.9323219261170594,0.9323158652092428
0.2,0.88,0.9348966832172484,0.9348908528909784
0.2,0.885,0.9374875036012034,0.9374819052951098
0.2,0.89,0.9400937480224243,0.9400883831178876
0.2,0.895,0.9427147734287288,0.9427096432495388
0.2,0.9,0.9453499331209174,0.9453450389329466
0.2,0.905,0.9479985769123369,0.9479939199232283
0.2,0.91,0.9506600512893062,0.9506556326481745
0.2,0.915,0.9533336995723606,0.9533295203695091
0.2,0.92,0.9560188620782802,0.9560149233449314
0.2,0.925,0.9587148762828569,0.9587111789908979
0.2,0.93,0.9614210769843642,0.9614176220461069
0.2,0.935,0.9641367964676867,0.9641335847356423
0.2,0.9400000000000001,0.9668613646690701,0.9668583969357388
0.2,0.9450000000000001,0.9695941093414512,0.9695913863391264
0.2,0.9500000000000001,0.9723343562203253,0.9723318786209134
0.2,0.9550000000000001,0.9750814291901132,0.9750791976049671
0.2,0.96,0.9778346504509839,0.9778326654307518
0.2,0.965,0.9805933406860926,0.9805916027205827
0.2,0.97,0.983356819229194,0.9833553287472535
0.2,0.975,0.9861244042325878,0.9861231616019968
0.2,0.98,0.9888954128353563,0.9888944183627367
0.2,0.985,0.9916691613318513,0.9916684152625921
0.2,0.99,0.9944449653403906,0.9944444678585861
0.2,0.995,0.9972221399721196,0.9972218912005248
0.2,1.0,1.0,1.0
