fourier_time,mean_C_over_Cs_numerical,mean_C_over_Cs_series
0.002,0.10107491300112616,0.10092530088080642
0.00450251256281407,0.15152993084175936,0.15143020894975667
0.0070050251256281405,0.18896165995267014,0.188881709033068
0.009507537688442211,0.22011746730950899,0.220048839651394
0.012010050251256281,0.2473800526563662,0.24731899169213223
0.01451256281407035,0.27192293306168247,0.27186738535490307
0.017015075376884424,0.2944270180328381,0.29437571712286803
0.01951758793969849,0.31532907826567336,0.3152811774673163
0.02202010050251256,0.3349290283941163,0.33488392703489567
0.02452261306532663,0.35344314035389357,0.3534003917482278
0.027025125628140703,0.37103312273953387,0.3709923816373022
0.029527638190954775,0.38782322028346333,0.38778421137374086
0.032030150753768846,0.4039108874636856,0.4038733858656208
0.03453266331658292,0.4193738003541994,0.4193376191779008
0.03703517587939698,0.43427467131675185,0.4342396534605185
0.039537688442211054,0.44866468145220123,0.4486306939577521
0.042040201005025125,0.4625860038785561,0.4625529338454919
0.0445427135678392,0.4760737038640835,0.47604145533347086
0.04704522613065327,0.489157196015607,0.489125687477855
0.04954773869346733,0.5018613768398269,0.5018305391670994
0.052050251256281405,0.5142075135199786,0.5141772882073785
0.054552763819095476,0.5262139461786743,0.5261842838258908
0.05705527638190955,0.5378966454712718,0.5378675044624992
0.05955778894472362,0.5492696568539479,0.5492410022079082
0.06206030150753769,0.5603454554595539,0.5603172578288528
0.06456281407035176,0.5711352301168929,0.5711074649198575
0.06706532663316583,0.5816491110164967,0.5816217576868332
0.06956783919597989,0.5918963524530128,0.5918693937940237
0.07207035175879396,0.6018854796978512,0.6018589013290226
0.07457286432160803,0.6116244071982797,0.6115981970830251
0.0770753768844221,0.6211205338363623,0.621094681880655
0.07957788944723618,0.6303808198231152,0.6303553175356915
0.08208040201005025,0.6394118488831618,0.6393866890889203
0.08458291457286432,0.6482198786523472,0.6481950552514723
0.08708542713567839,0.6568108816260709,0.6567863893922906
0.08958793969849246,0.6651905785290975,0.6651664129412871
0.09209045226130654,0.6733644656042788,0.6733406227063754
0.0945929648241206,0.6813378370190515,0.6813143133039171
0.09709547738693466,0.6891158033496934,0.6890925956631727
0.09959798994974874,0.6967033069121435,0.6966804123740999
0.10210050251256281,0.7041051345551901,0.7040825504947732
0.10460301507537688,0.7113259284093297,0.711303652312143
0.10710552763819095,0.7183701949865514,0.718348224451741
0.10960804020100502,0.7252423129477801,0.725220645653379
0.1121105527638191,0.7319465397918632,0.7319251734669834
0.11461306532663317,0.7384870176696461,0.7384659500723374
0.11711557788944724,0.7448677784863778,0.7448470073861683
0.11961809045226131,0.751092748423421,0.7510722715877092
0.12212060301507538,0.7571657519843878,0.7571455671679987
0.12462311557788944,0.7630905156501271,0.7630706205874568
0.12712562814070352,0.7688706712104085,0.7688510636096828
0.12962814070351758,0.7745097588268728,0.7744904363661211
0.13213065326633167,0.7800112298711732,0.7799921901955942
0.13463316582914572,0.7853784495737202,0.7853596902941635
0.13713567839195978,0.7906146995115999,0.7905962182039463
0.13963819095477387,0.795723179958775,0.7957049741640263
0.14214070351758792,0.8007070121172797,0.8006890793422118
0.144643216080402,0.8055692402446114,0.8055515779628626
0.14714572864321607,0.81031283368969,0.8102954393431858
0.14964824120603015,0.8149406888474995,0.8149235598481306
0.1521507537688442,0.8194556310407037,0.8194387647721894
0.1546532663316583,0.8238604163350709,0.8238438101549537
0.15715577889447235,0.8281577332943642,0.8281413845360914
0.15965829145728644,0.8323502046794158,0.8323341106544727
0.1621608040201005,0.8364403890953369,0.8364245470954017
0.16466331658291455,0.8404307825902059,0.8404151898893051
0.16716582914572864,0.8443238202080783,0.8443084740647245
0.1696683417085427,0.8481218774987664,0.8481067751580635
0.17217085427135678,0.8518272719865057,0.8518124106822111
0.17467336683417084,0.8554422645993657,0.8554276415559017
0.17717587939698493,0.8589690610610454,0.8589546734954517
0.17967839195979898,0.8624098132465178,0.8623956583703423
0.18218090452261307,0.8657666205028413,0.8657526955239662
0.18468341708542713,0.8690415309363421,0.8690278330607414
0.1871859296482412,0.8722365426672647,0.8722230691006938
0.18968844221105527,0.8753536050529116,0.8753403530025275
0.19219095477386933,0.8783946198802188,0.8783815865561313
0.1946934673366834,0.8813614425286587,0.8813486251454129
0.19719597989949747,0.8842558831043067,0.8842432788822994
0.19969849246231156,0.8870797075458721,0.8870673137126994
0.2022010050251256,0.8898346387034453,0.8898224524951878
0.2047035175879397,0.8925223573906915,0.892510376053134
0.20720603015075376,0.8951445034111813,0.8951327242009728
0.20970854271356784,0.8977026765595326,0.8976910967452841
0.2122110552763819,0.9001984375980013,0.9001870544613281
0.21471356783919598,0.9026333092091537,0.9026221200456586
0.21721608040201004,0.9050087769252132,0.904997779045417
0.2197185929648241,0.9073262900346741,0.9073154807648931
0.22222110552763819,0.909587262466746,0.909576639149918
0.22472361809045224,0.911793073654179,0.9117826336506413
0.22722613065326633,0.9139450693750087,0.9139348100632272
0.22972864321608039,0.9160445625737356,0.9160344813509909
0.23223115577889447,0.9180928341624539,0.9180829284454806
0.23473366834170853,0.920091133802415,0.9200814010280015
0.23723618090452261,0.9220406806665121,0.9220311182920579
0.23973869346733667,0.9239426641831506,0.9239332696871855
0.24224120603015076,0.9257982447619624,0.9257890156446283
0.24474371859296482,0.927608554501807,0.9275994882853041
0.24724623115577887,0.9293746978814965,0.9293657921104934
0.24974874371859296,0.9310977524336612,0.9310890046756737
0.25225125628140704,0.932778769402174,0.9327701772479113
0.2547537688442211,0.9344187743835309,0.9344103354472117
0.25725628140703516,0.9360187679525839,0.9360104798722224
0.25975879396984924,0.937579726273002,0.9375715867106676
0.26226130653266333,0.9391026016928419,0.9390946083348908
0.26476381909547736,0.940588323325584,0.9405804738828653
0.26726633165829145,0.9420377976169931,0.9420300898250313
0.26976884422110553,0.9434519088981493,0.9434443405173021
0.27227135678391956,0.9448315199249838,0.9448240887405787
0.27477386934673365,0.9461774724046534,0.9461701762271022
0.27727638190954773,0.947490587509072,0.9474834241739646
0.2797788944723618,0.9487716663759114,0.948764633744091
0.28228140703517585,0.9500214905973816,0.9500145865550005
0.28478391959798993,0.9512408226970839,0.9512340451556417
0.287286432160804,0.9524304065952314,0.9524237534915965
0.2897889447236181,0.9535909680625176,0.9535844373589327
0.29229145728643213,0.9547232151629151,0.9547168048469864
0.2947939698492462,0.9558278386856666,0.9558215467703396
0.2972964824120603,0.9569055125667404,0.9568993370902612
0.29979899497487433,0.9579568943000021,0.9579508333258655
0.3023015075376884,0.9589826253383541,0.9589766769552394
0.3048040201005025,0.9599833314850901,0.9599774938067843
0.3073065326633166,0.9609596232756995,0.960953894441011
0.3098090452261306,0.9619120963503593,0.9619064745230186
0.3123115577889447,0.9628413318173367,0.9628358151858882
0.3148140703517588,0.963747896607525,0.9637424833852103
0.3173165829145729,0.9646323438203326,0.9646270322449622
0.3198190954773869,0.9654952130611302,0.9654900013949486
0.322321608040201,0.9663370307704664,0.9663319173000096
0.3248241206030151,0.9671583105452531,0.9671532935811967
0.3273266331658291,0.9679595534521123,0.9679546313291135
0.3298291457286432,0.9687412483330788,0.9687364194096124
0.3323316582914573,0.9695038721038459,0.9694991347620329
0.33483417085427136,0.970247890044734,0.9702432426901645
0.3373366834170854,0.9709737560845586,0.970969197146111
0.3398391959798995,0.9716819130775772,0.9716774410072291
0.34234170854271356,0.9723727930736743,0.9723684063463117
0.34484422110552765,0.9730468175819583,0.9730425146951789
0.3473467336683417,0.9737043978279256,0.9737001773018383
0.34984924623115576,0.9743459350043518,0.9743417953813724
0.35235175879396985,0.9749718205160606,0.9749677603607046
0.3548542713567839,0.975582436218722,0.9755784541173937
0.35735678391959796,0.9761781546518248,0.9761742492126033
0.35985929648241205,0.9767593392659635,0.976755509118387
0.36236180904522614,0.9773263446445821,0.9773225884394291
0.36486432160804017,0.9778795167203072,0.9778758331293755
0.36736683417085425,0.9784191929860021,0.9784155807018868
0.36986934673366834,0.978945702700674,0.9789421604365431
0.3723718592964824,0.979459367090356,0.9794558935797243
0.37487437185929645,0.9799604995440878,0.9799570935405907
0.37737688442211054,0.9804494058051172,0.9804460660822822
0.3798793969849246,0.9809263841574343,0.980923109508453
0.38238190954773865,0.9813917256077571,0.9813885148452545
0.38488442211055274,0.981845714063075,0.9818425660188804
0.3873869346733668,0.9822886265038618,0.9822855400287789
0.3898894472361809,0.9827207331530643,0.9827177071166393
0.39239195979899494,0.9831422976409638,0.9831393309312566
0.394894472361809,0.9835535771660218,0.9835506686893737
0.3973969849246231,0.9839548226517942,0.9839519713325992
0.3998994974874372,0.9843462789000235,0.984343483680498
0.4024020100502512,0.9847281847399931,0.9847254445799456
0.4049045226130653,0.9851007731742373,0.9850980870508406
0.4074070351758794,0.9854642715206972,0.9854616384282605
0.4099095477386934,0.9858189015514103,0.9858163205011505
0.4124120603015075,0.986164879627812,0.9861623496476286
0.4149145728643216,0.9865024168327409,0.9864999369669898
0.4174170854271357,0.9868317190992197,0.9868292884084893
0.4199195979899497,0.9871529873360975,0.987150604896985
0.4224221105527638,0.987466417550624,0.987464082455514
0.4249246231155779,0.9877722009680355,0.9877699123248783
0.42742713567839197,0.988070524148221,0.9880682810803144
0.429929648241206,0.9883615690995442,0.988359370745315
0.4324321608040201,0.9886455133898877,0.9886433589026752
0.43493467336683417,0.9889225302549872,0.9889204188028291
0.4374371859296482,0.9891927887041244,0.9891907194695427
0.4399396984924623,0.98945645362324,0.9894544258030298
0.44244221105527637,0.9897136858755304,0.9897116986805504
0.44494472361809045,0.989964642399593,0.9899626950545567
0.4474472361809045,0.9902094763051738,0.9902075680484435
0.44994974874371857,0.9904483369665804,0.9904464670499625
0.45245226130653265,0.9906813701138164,0.9906795378023594
0.45495477386934674,0.9909087179214923,0.9909069224932848
0.45745728643216077,0.9911305190955657,0.9911287598415387
0.45995979899497486,0.9913469089579676,0.991345185181697
0.46246231155778894,0.9915580195291624,0.9915563305466741
0.46496482412060297,0.9917639796086943,0.9917623247482714
0.46746733668341706,0.9919649148537686,0.9919632934557603
0.46996984924623114,0.9921609478559154,0.9921593592725481
0.4724723618090452,0.9923521982157839,0.9923506418109742
0.47497487437185926,0.9925387826161107,0.9925372577652806
0.47747738693467334,0.9927208148929088,0.9927193209828029
0.47997989949748743,0.9928984061049191,0.9928969425334243
0.4824824120603015,0.9930716646013688,0.9930702307773347
0.48498492462311554,0.9932406960880745,0.9932392914311379
0.48748743718592963,0.9934056036919348,0.9934042276323444
0.4899899497487437,0.993566488023848,0.9935651400022925
0.49249246231155774,0.9937234472400951,0.993722126707533
0.49499497487437183,0.9938765771022268,0.9938752835197175
0.4974974874371859,0.9940259710354855,0.9940247038740243
0.5,0.9941717201858072,0.9941704789261604
